{"shape": [0.0, 0.0, 0.0, 0.0, 0.0, 0.0, -0.99127596616745, 0.0, 0.0, -0.15486082434654236], "trans": [-1.4486831169441208, 70.10581014473215, -27.852962990144317], "pose": [[-26.716718700197006, 85.12610626220703, -33.04566872119904], [-48.06291933412905, -7.928837670220266, 8.089662654334962], [-43.993340951424535, 7.864758545550643, 1.0162589823114887], [27.470361271236698, -0.6919543831436722, 1.822567515903049], [68.35598980938884, 3.0929995881362022, -14.73280164930555], [51.7814466688368, -5.42759612754533, 4.15214706291777], [-7.198776935636339, 1.7039718398692298, -3.3697150634847963], [15.951067606608069, -2.1787505679660364, -4.249172563906067], [-18.064556828251593, -9.307482684100112, -7.974197952835647], [-4.8753907945421, 1.8994274845829708, 0.9877678235137989], [0.0, 0.0, 0.0], [0.0, 0.0, 0.0], [-12.011489026067531, 4.7533181428850835, -5.579220453898112], [-4.814528254045117, 2.6930491129557295, -2.663089787518536], [2.902892960442437, 2.8743978782936384, -1.1522935054920336], [-15.5325147934278, 1.1882259227611398, 6.056379805249797], [-4.356256016686115, -1.0294529653104283, -7.034356152569806], [-20.902276215729888, 3.6212790453875505, 3.271495114069871], [-12.0499066017643, -24.66675369827836, 14.661796378949006], [-23.46636454264322, 12.44922549987149, -15.805541144476994], [3.5747072806041387, -14.209355954770686, -8.605188440393439], [-3.6519739362928596, 9.280492288094978, -3.6100945649323632], [4.235540319372105, 2.7374518359148934, -17.558513217502167], [5.200717007672346, -0.8718210679513436, -32.190611097547745], [-3.716000804194698, -4.215261318065502, -7.825357649061411], [-5.341095394558376, 0.7620738170765062, -22.55488360369647], [-6.3985393665455, 0.08861873988752009, -29.97952213993779], [-0.1428171771543997, -3.9809873369004993, -14.3453711050528], [-16.092659279152194, -13.445568791142215, -24.49389704951533], [-8.060806415699144, -4.92116574887876, -21.133692706072765], [-15.60036129421658, -3.1178453233506933, -2.833860362017596], [-4.523669348822699, -5.2461638274016185, -26.75318400065104], [-11.349463286223234, -6.180775253861038, -26.174853289568865], [-6.317445966932508, -6.835497396963612, -15.398747479474098], [36.555003413447636, 11.932007118507666, 1.343177071324101], [-21.183915314850985, 1.6296628669456201, 1.8769728695904764], [22.2539958247432, 4.9019622802734375, -10.745315551757809], [4.235540319372105, -2.7374518359148934, 17.558513217502167], [5.200717007672346, 0.8718210679513436, 32.190611097547745], [-3.716000804194698, 4.215261318065502, 7.825357649061411], [-5.341095394558376, -0.7620738170765062, 22.55488360369647], [-6.3985393665455, -0.08861873988752009, 29.97952213993779], [-0.1428171771543997, 3.9809873369004993, 14.3453711050528], [-16.092659279152194, 13.445568791142215, 24.49389704951533], [-8.060806415699144, 4.92116574887876, 21.133692706072765], [-15.60036129421658, 3.1178453233506933, 2.833860362017596], [-4.523669348822699, 5.2461638274016185, 26.75318400065104], [-11.349463286223234, 6.180775253861038, 26.174853289568865], [-6.317445966932508, 6.835497396963612, 15.398747479474098], [36.555003413447636, -11.932007118507666, -1.343177071324101], [-21.183915314850985, -1.6296628669456201, -1.8769728695904764], [24.479395407217517, -5.392158508300782, 11.819847106933596]]}