{"shape": [0.0, 0.0, 0.0, 0.0, 0.0, 0.0, -0.99127596616745, 0.0, 0.0, -0.15486082434654236], "trans": [-1.4545698165893555, 70.1130599975586, -27.86160659790039], "pose": [[-42.82605743408203, 85.12610626220703, -52.97116470336914], [-64.88494110107422, -10.703930854797363, 13.646690368652344], [-62.54580307006835, 13.365325927734375, 1.7390154600143433], [46.32209777832031, -0.9341384172439575, 2.460466146469116], [93.28514862060547, 5.2372941970825195, -19.8892822265625], [69.90495300292969, -7.827862262725829, 7.056705951690674], [-12.22789192199707, 2.918116569519043, -5.696165561676025], [21.5339412689209, -2.9413132667541504, -5.736382961273193], [-24.38715171813965, -12.565101623535156, -10.765167236328125], [-6.581777572631836, 2.5642271041870117, 1.690424919128418], [0.0, 0.0, 0.0], [0.0, 0.0, 0.0], [-20.262542724609375, 8.049205780029297, -7.531947612762452], [-8.146668434143066, 3.6356163024902344, -3.5951712131500244], [3.9189054965972896, 3.8804371356964116, -1.5555962324142456], [-26.197187423706055, 1.604104995727539, 10.263513565063477], [-7.378152847290039, -1.7673890590667725, -9.496380805969238], [-28.21807289123535, 4.888726711273193, 5.5657057762146], [-20.36405372619629, -33.30011749267578, 24.769906997680664], [-31.67959213256836, 21.021135330200195, -21.337480545043945], [6.067932605743408, -19.18263053894043, -11.827289581298828], [-4.930164813995361, 12.528664588928223, -4.873627662658691], [5.717979431152344, 3.6955599784851074, -23.70399284362793], [7.020967960357666, -1.176958441734314, -43.45732498168945], [-5.016601085662842, -5.690602779388428, -10.56423282623291], [-7.2104787826538095, 1.0287996530532837, -30.449092864990234], [-8.638028144836426, 0.11963529884815215, -40.472354888916016], [-0.19280318915843964, -5.374332904815674, -19.36625099182129], [-21.72509002685547, -18.151517868041992, -33.0667610168457], [-10.882088661193848, -6.643573760986328, -28.530485153198242], [-21.060487747192383, -4.2090911865234375, -3.8257114887237553], [-6.1069536209106445, -7.0823211669921875, -36.116798400878906], [-15.321775436401367, -8.344046592712402, -35.33605194091797], [-8.528552055358887, -9.227921485900879, -20.78830909729004], [49.3492546081543, 16.10820960998535, 1.8132890462875368], [-28.598285675048828, 2.200044870376587, 2.5339133739471436], [30.04289436340332, 6.6176490783691415, -14.506175994873045], [5.717979431152344, -3.6955599784851074, 23.70399284362793], [7.020967960357666, 1.176958441734314, 43.45732498168945], [-5.016601085662842, 5.690602779388428, 10.56423282623291], [-7.2104787826538095, -1.0287996530532837, 30.449092864990234], [-8.638028144836426, -0.11963529884815215, 40.472354888916016], [-0.19280318915843964, 5.374332904815674, 19.36625099182129], [-21.72509002685547, 18.151517868041992, 33.0667610168457], [-10.882088661193848, 6.643573760986328, 28.530485153198242], [-21.060487747192383, 4.2090911865234375, 3.8257114887237553], [-6.1069536209106445, 7.0823211669921875, 36.116798400878906], [-15.321775436401367, 8.344046592712402, 35.33605194091797], [-8.528552055358887, 9.227921485900879, 20.78830909729004], [49.3492546081543, -16.10820960998535, -1.8132890462875368], [-28.598285675048828, -2.200044870376587, -2.5339133739471436], [30.04289436340332, -6.6176490783691415, 14.506175994873045]]}