{"cam_T": [365.91167664016933, 82.6008330535775, -17.53148859873776], "cam_K": [[1493.3363200059732, 0.0, 512.0], [0.0, 1493.3363200059732, 512.0], [0.0, 0.0, 1.0]], "cam_R": [[6.123233995736766e-17, 0.0, 1.0], [0.0, 1.0, 0.0], [-1.0, 0.0, 6.123233995736766e-17]]}