{"cam_T": [57.898429203033494, 82.6008330535775, -339.22615598828065], "cam_K": [[1493.3363200059732, 0.0, 512.0], [0.0, 1493.3363200059732, 512.0], [0.0, 0.0, 1.0]], "cam_R": [[-1.0, 0.0, 1.2246467991473532e-16], [0.0, 1.0, 0.0], [-1.2246467991473532e-16, 0.0, -1.0]]}