{"cam_T": [338.8550929856849, 82.6008330535775, -179.7418940642706], "cam_K": [[1493.3363200059732, 0.0, 512.0], [0.0, 1493.3363200059732, 512.0], [0.0, 0.0, 1.0]], "cam_R": [[-0.4999999999999998, 0.0, 0.8660254037844387], [0.0, 1.0, 0.0], [-0.8660254037844387, 0.0, -0.4999999999999998]]}