{"cam_T": [57.898429203033494, 277.52030729045424, -355.14192136162103], "cam_K": [[1493.3363200059732, 0.0, 512.0], [0.0, 1493.3363200059732, 512.0], [0.0, 0.0, 1.0]], "cam_R": [[-1.0, -6.123233995736765e-17, 1.0605752387249069e-16], [0.0, 0.8660254037844387, 0.49999999999999994], [-1.2246467991473532e-16, 0.49999999999999994, -0.8660254037844387]]}