{"cam_T": [-247.85218842096273, 259.126034443686, -17.53148859873776], "cam_K": [[1493.3363200059732, 0.0, 512.0], [0.0, 1493.3363200059732, 512.0], [0.0, 0.0, 1.0]], "cam_R": [[-1.8369701987210297e-16, 0.49999999999999994, -0.8660254037844387], [0.0, 0.8660254037844387, 0.49999999999999994], [1.0, 9.184850993605147e-17, -1.5908628580873602e-16]]}