{"cam_T": [235.7085709568136, 287.9182994659585, -325.50768821730924], "cam_K": [[1493.3363200059732, 0.0, 512.0], [0.0, 1493.3363200059732, 512.0], [0.0, 0.0, 1.0]], "cam_R": [[-0.8660254037844387, -0.24999999999999994, 0.4330127018922193], [0.0, 0.8660254037844387, 0.49999999999999994], [-0.49999999999999994, 0.4330127018922193, -0.7500000000000001]]}