{"cam_T": [-106.81584989371179, 82.6008330535775, 267.7620115289049], "cam_K": [[1493.3363200059732, 0.0, 512.0], [0.0, 1493.3363200059732, 512.0], [0.0, 0.0, 1.0]], "cam_R": [[0.8660254037844384, 0.0, -0.5000000000000004], [0.0, 1.0, 0.0], [0.5000000000000004, 0.0, 0.8660254037844384]]}