{"cam_T": [-223.05823457961793, 82.6008330535775, 144.67891686679522], "cam_K": [[1493.3363200059732, 0.0, 512.0], [0.0, 1493.3363200059732, 512.0], [0.0, 0.0, 1.0]], "cam_R": [[0.5000000000000001, 0.0, -0.8660254037844386], [0.0, 1.0, 0.0], [0.8660254037844386, 0.0, 0.5000000000000001]]}