{"cam_T": [222.6127082997785, 82.6008330535775, 267.76201152890496], "cam_K": [[1493.3363200059732, 0.0, 512.0], [0.0, 1493.3363200059732, 512.0], [0.0, 0.0, 1.0]], "cam_R": [[0.8660254037844387, 0.0, 0.49999999999999994], [0.0, 1.0, 0.0], [-0.49999999999999994, 0.0, 0.8660254037844387]]}