{"cam_T": [-98.9186110349338, 82.2164722704357, 255.48809104382644], "cam_K": [[1493.3363200059732, 0.0, 512.0], [0.0, 1493.3363200059732, 512.0], [0.0, 0.0, 1.0]], "cam_R": [[0.8660254037844384, 0.0, -0.5000000000000004], [0.0, 1.0, 0.0], [0.5000000000000004, 0.0, 0.8660254037844384]]}