{"cam_T": [215.20478847939162, 82.2164722704357, -288.58959676124175], "cam_K": [[1493.3363200059732, 0.0, 512.0], [0.0, 1493.3363200059732, 512.0], [0.0, 0.0, 1.0]], "cam_R": [[-0.8660254037844387, 0.0, 0.49999999999999994], [0.0, 1.0, 0.0], [-0.49999999999999994, 0.0, -0.8660254037844387]]}