{"cam_T": [331.16099540377434, 82.2164722704357, -174.17771477488586], "cam_K": [[1493.3363200059732, 0.0, 512.0], [0.0, 1493.3363200059732, 512.0], [0.0, 0.0, 1.0]], "cam_R": [[-0.4999999999999998, 0.0, 0.8660254037844387], [0.0, 1.0, 0.0], [-0.8660254037844387, 0.0, -0.4999999999999998]]}