{"cam_T": [-214.87481795931626, 82.2164722704357, 141.0762090574707], "cam_K": [[1493.3363200059732, 0.0, 512.0], [0.0, 1493.3363200059732, 512.0], [0.0, 0.0, 1.0]], "cam_R": [[0.5000000000000001, 0.0, -0.8660254037844386], [0.0, 1.0, 0.0], [0.8660254037844386, 0.0, 0.5000000000000001]]}