{"cam_T": [58.14308872222904, 82.2164722704357, -320.5287351762989], "cam_K": [[1493.3363200059732, 0.0, 512.0], [0.0, 1493.3363200059732, 512.0], [0.0, 0.0, 1.0]], "cam_R": [[-1.0, 0.0, 1.2246467991473532e-16], [0.0, 1.0, 0.0], [-1.2246467991473532e-16, 0.0, -1.0]]}