{"cam_T": [-223.01299427756499, 269.6538609369651, -178.87629306293962], "cam_K": [[1493.3363200059732, 0.0, 512.0], [0.0, 1493.3363200059732, 512.0], [0.0, 0.0, 1.0]], "cam_R": [[-0.5000000000000004, 0.4330127018922192, -0.7499999999999999], [0.0, 0.8660254037844387, 0.49999999999999994], [0.8660254037844385, 0.25000000000000017, -0.43301270189221974]]}