{"cam_T": [-98.91861103493366, 82.2164722704357, -288.58959676124164], "cam_K": [[1493.3363200059732, 0.0, 512.0], [0.0, 1493.3363200059732, 512.0], [0.0, 0.0, 1.0]], "cam_R": [[-0.8660254037844384, 0.0, -0.5000000000000006], [0.0, 1.0, 0.0], [0.5000000000000006, 0.0, -0.8660254037844384]]}