{"cam_T": [219.1523073784129, 268.13390373675384, -295.42690005818497], "cam_K": [[1493.3363200059732, 0.0, 512.0], [0.0, 1493.3363200059732, 512.0], [0.0, 0.0, 1.0]], "cam_R": [[-0.8660254037844387, -0.24999999999999994, 0.4330127018922193], [0.0, 0.8660254037844387, 0.49999999999999994], [-0.49999999999999994, 0.4330127018922193, -0.7500000000000001]]}