{"cam_T": [-214.87481795931635, 82.2164722704357, -174.17771477488614], "cam_K": [[1493.3363200059732, 0.0, 512.0], [0.0, 1493.3363200059732, 512.0], [0.0, 0.0, 1.0]], "cam_R": [[-0.5000000000000004, 0.0, -0.8660254037844385], [0.0, 1.0, 0.0], [0.8660254037844385, 0.0, -0.5000000000000004]]}