{"cam_T": [45.11627960205078, 251.33567146158043, 273.8756784274986], "cam_K": [[1493.3363200059732, 0.0, 512.0], [0.0, 1493.3363200059732, 512.0], [0.0, 0.0, 1.0]], "cam_R": [[1.0, 0.0, 0.0], [0.0, 0.8660254037844387, 0.49999999999999994], [0.0, -0.49999999999999994, 0.8660254037844387]]}