{"cam_T": [212.7468698052269, 82.91103868335196, 272.5003563441351], "cam_K": [[1493.3363200059732, 0.0, 512.0], [0.0, 1493.3363200059732, 512.0], [0.0, 0.0, 1.0]], "cam_R": [[0.8660254037844387, 0.0, 0.49999999999999994], [0.0, 1.0, 0.0], [-0.49999999999999994, 0.0, 0.8660254037844387]]}