{"cam_T": [227.77391188623557, 293.82590502097946, 298.52795671591775], "cam_K": [[1493.3363200059732, 0.0, 512.0], [0.0, 1493.3363200059732, 512.0], [0.0, 0.0, 1.0]], "cam_R": [[0.8660254037844387, -0.24999999999999994, 0.4330127018922193], [0.0, 0.8660254037844387, 0.49999999999999994], [-0.49999999999999994, -0.4330127018922193, 0.7500000000000001]]}