{"cam_T": [45.11627960205082, 82.91103868335196, -317.44206047252203], "cam_K": [[1493.3363200059732, 0.0, 512.0], [0.0, 1493.3363200059732, 512.0], [0.0, 0.0, 1.0]], "cam_R": [[-1.0, 0.0, 1.2246467991473532e-16], [0.0, 1.0, 0.0], [-1.2246467991473532e-16, 0.0, -1.0]]}