{"cam_T": [-319.48143148788904, 325.97617940997856, 192.65624385317452], "cam_K": [[1493.3363200059732, 0.0, 512.0], [0.0, 1493.3363200059732, 512.0], [0.0, 0.0, 1.0]], "cam_R": [[0.5000000000000001, 0.43301270189221924, -0.75], [0.0, 0.8660254037844387, 0.49999999999999994], [0.8660254037844386, -0.25, 0.43301270189221946]]}