{"cam_T": [-137.54135268213432, 293.8259050209796, 298.5279567159177], "cam_K": [[1493.3363200059732, 0.0, 512.0], [0.0, 1493.3363200059732, 512.0], [0.0, 0.0, 1.0]], "cam_R": [[0.8660254037844384, 0.25000000000000017, -0.43301270189221974], [0.0, 0.8660254037844387, 0.49999999999999994], [0.5000000000000004, -0.43301270189221913, 0.7499999999999998]]}