{"cam_T": [-137.54135268213412, 293.82590502097946, -334.21664229696506], "cam_K": [[1493.3363200059732, 0.0, 512.0], [0.0, 1493.3363200059732, 512.0], [0.0, 0.0, 1.0]], "cam_R": [[-0.8660254037844384, 0.2500000000000002, -0.43301270189221985], [0.0, 0.8660254037844387, 0.49999999999999994], [0.5000000000000006, 0.43301270189221913, -0.7499999999999998]]}