{"cam_T": [-265.9376454140285, 82.91103868335196, 161.7427245499994], "cam_K": [[1493.3363200059732, 0.0, 512.0], [0.0, 1493.3363200059732, 512.0], [0.0, 0.0, 1.0]], "cam_R": [[0.5000000000000001, 0.0, -0.8660254037844386], [0.0, 1.0, 0.0], [0.8660254037844386, 0.0, 0.5000000000000001]]}