{"cam_T": [-265.93764541402857, 82.91103868335196, -197.43141013104702], "cam_K": [[1493.3363200059732, 0.0, 512.0], [0.0, 1493.3363200059732, 512.0], [0.0, 0.0, 1.0]], "cam_R": [[-0.5000000000000004, 0.0, -0.8660254037844385], [0.0, 1.0, 0.0], [0.8660254037844385, 0.0, -0.5000000000000004]]}