{"cam_T": [-122.51431060112537, 82.91103868335196, -308.1890419251823], "cam_K": [[1493.3363200059732, 0.0, 512.0], [0.0, 1493.3363200059732, 512.0], [0.0, 0.0, 1.0]], "cam_R": [[-0.8660254037844384, 0.0, -0.5000000000000006], [0.0, 1.0, 0.0], [0.5000000000000006, 0.0, -0.8660254037844384]]}