{"cam_T": [-1.3356094360351562, 62.181195117734084, 290.9197218722438], "cam_K": [[1493.3363200059732, 0.0, 512.0], [0.0, 1493.3363200059732, 512.0], [0.0, 0.0, 1.0]], "cam_R": [[1.0, 0.0, 0.0], [0.0, 1.0, 0.0], [0.0, 0.0, 1.0]]}