{"cam_T": [329.3198291098925, 62.181195117734084, 162.5036188065503], "cam_K": [[1493.3363200059732, 0.0, 512.0], [0.0, 1493.3363200059732, 512.0], [0.0, 0.0, 1.0]], "cam_R": [[0.5000000000000001, 0.0, 0.8660254037844386], [0.0, 1.0, 0.0], [-0.8660254037844386, 0.0, 0.5000000000000001]]}