{"cam_T": [-195.8133284394506, 286.74472195374653, -365.24567790097365], "cam_K": [[1493.3363200059732, 0.0, 512.0], [0.0, 1493.3363200059732, 512.0], [0.0, 0.0, 1.0]], "cam_R": [[-0.8660254037844384, 0.2500000000000002, -0.43301270189221985], [0.0, 0.8660254037844387, 0.49999999999999994], [0.5000000000000006, 0.43301270189221913, -0.7499999999999998]]}