{"cam_T": [176.89933788725455, 62.181195117734084, 280.31159680134544], "cam_K": [[1493.3363200059732, 0.0, 512.0], [0.0, 1493.3363200059732, 512.0], [0.0, 0.0, 1.0]], "cam_R": [[0.8660254037844387, 0.0, 0.49999999999999994], [0.0, 1.0, 0.0], [-0.49999999999999994, 0.0, 0.8660254037844387]]}