{"cam_T": [-179.5705567593251, 62.181195117734084, 280.3115968013454], "cam_K": [[1493.3363200059732, 0.0, 512.0], [0.0, 1493.3363200059732, 512.0], [0.0, 0.0, 1.0]], "cam_R": [[0.8660254037844384, 0.0, -0.5000000000000004], [0.0, 1.0, 0.0], [0.5000000000000004, 0.0, 0.8660254037844384]]}