{"cam_T": [455.94090011073894, 326.1899109986566, -28.40038764695485], "cam_K": [[1493.3363200059732, 0.0, 512.0], [0.0, 1493.3363200059732, 512.0], [0.0, 0.0, 1.0]], "cam_R": [[6.123233995736766e-17, -0.49999999999999994, 0.8660254037844387], [0.0, 0.8660254037844387, 0.49999999999999994], [-1.0, -3.0616169978683824e-17, 5.3028761936245346e-17]]}