{"cam_T": [-195.81332843945074, 286.7447219537466, 308.4449026070638], "cam_K": [[1493.3363200059732, 0.0, 512.0], [0.0, 1493.3363200059732, 512.0], [0.0, 0.0, 1.0]], "cam_R": [[0.8660254037844384, 0.25000000000000017, -0.43301270189221974], [0.0, 0.8660254037844387, 0.49999999999999994], [0.5000000000000004, -0.43301270189221913, 0.7499999999999998]]}