{"cam_T": [193.14210956738012, 286.7447219537465, -365.24567790097353], "cam_K": [[1493.3363200059732, 0.0, 512.0], [0.0, 1493.3363200059732, 512.0], [0.0, 0.0, 1.0]], "cam_R": [[-0.8660254037844387, -0.24999999999999994, 0.4330127018922193], [0.0, 0.8660254037844387, 0.49999999999999994], [-0.49999999999999994, 0.4330127018922193, -0.7500000000000001]]}