{"cam_T": [-179.57055675932492, 62.181195117734084, -337.11237209525507], "cam_K": [[1493.3363200059732, 0.0, 512.0], [0.0, 1493.3363200059732, 512.0], [0.0, 0.0, 1.0]], "cam_R": [[-0.8660254037844384, 0.0, -0.5000000000000006], [0.0, 1.0, 0.0], [0.5000000000000006, 0.0, -0.8660254037844384]]}