{"cam_T": [-1.3356094360351172, 62.181195117734084, -347.72049716615356], "cam_K": [[1493.3363200059732, 0.0, 512.0], [0.0, 1493.3363200059732, 512.0], [0.0, 0.0, 1.0]], "cam_R": [[-1.0, 0.0, 1.2246467991473532e-16], [0.0, 1.0, 0.0], [-1.2246467991473532e-16, 0.0, -1.0]]}