{"cam_T": [384.47310174986274, 62.181195117734084, -28.40038764695485], "cam_K": [[1493.3363200059732, 0.0, 512.0], [0.0, 1493.3363200059732, 512.0], [0.0, 0.0, 1.0]], "cam_R": [[6.123233995736766e-17, 0.0, 1.0], [0.0, 1.0, 0.0], [-1.0, 0.0, 6.123233995736766e-17]]}