{"cam_T": [329.31982910989257, 62.181195117734084, -219.30439410045986], "cam_K": [[1493.3363200059732, 0.0, 512.0], [0.0, 1493.3363200059732, 512.0], [0.0, 0.0, 1.0]], "cam_R": [[-0.4999999999999998, 0.0, 0.8660254037844387], [0.0, 1.0, 0.0], [-0.8660254037844387, 0.0, -0.4999999999999998]]}