{"cam_T": [304.05259875607925, 62.496828864383914, 146.26975087055433], "cam_K": [[1493.3363200059732, 0.0, 512.0], [0.0, 1493.3363200059732, 512.0], [0.0, 0.0, 1.0]], "cam_R": [[0.5000000000000001, 0.0, 0.8660254037844386], [0.0, 1.0, 0.0], [-0.8660254037844386, 0.0, 0.5000000000000001]]}