{"cam_T": [220.33134418601122, 311.90398383700824, 347.34041698025686], "cam_K": [[1493.3363200059732, 0.0, 512.0], [0.0, 1493.3363200059732, 512.0], [0.0, 0.0, 1.0]], "cam_R": [[0.8660254037844387, -0.24999999999999994, 0.4330127018922193], [0.0, 0.8660254037844387, 0.49999999999999994], [-0.49999999999999994, -0.4330127018922193, 0.7500000000000001]]}