{"cam_T": [-295.37577456784686, 62.496828864383914, -199.81038182791409], "cam_K": [[1493.3363200059732, 0.0, 512.0], [0.0, 1493.3363200059732, 512.0], [0.0, 0.0, 1.0]], "cam_R": [[-0.5000000000000004, 0.0, -0.8660254037844385], [0.0, 1.0, 0.0], [0.8660254037844385, 0.0, -0.5000000000000004]]}