{"cam_T": [313.6925064562048, 62.496828864383914, -26.770315478679755], "cam_K": [[1493.3363200059732, 0.0, 512.0], [0.0, 1493.3363200059732, 512.0], [0.0, 0.0, 1.0]], "cam_R": [[6.123233995736766e-17, 0.0, 1.0], [0.0, 1.0, 0.0], [-1.0, 0.0, 6.123233995736766e-17]]}