{"cam_T": [-178.14667285203853, 62.496828864383914, -342.8437542289422], "cam_K": [[1493.3363200059732, 0.0, 512.0], [0.0, 1493.3363200059732, 512.0], [0.0, 0.0, 1.0]], "cam_R": [[-0.8660254037844384, 0.0, -0.5000000000000006], [0.0, 1.0, 0.0], [0.5000000000000006, 0.0, -0.8660254037844384]]}