{"cam_T": [-329.5724512285793, 285.10407107951426, 166.01321134601895], "cam_K": [[1493.3363200059732, 0.0, 512.0], [0.0, 1493.3363200059732, 512.0], [0.0, 0.0, 1.0]], "cam_R": [[0.5000000000000001, 0.43301270189221924, -0.75], [0.0, 0.8660254037844387, 0.49999999999999994], [0.8660254037844386, -0.25, 0.43301270189221946]]}