{"cam_T": [4.338412094116211, 310.34850448559655, 402.52137943834094], "cam_K": [[1493.3363200059732, 0.0, 512.0], [0.0, 1493.3363200059732, 512.0], [0.0, 0.0, 1.0]], "cam_R": [[1.0, 0.0, 0.0], [0.0, 0.8660254037844387, 0.49999999999999994], [0.0, -0.49999999999999994, 0.8660254037844387]]}