{"cam_T": [304.05259875607925, 62.496828864383914, -199.81038182791377], "cam_K": [[1493.3363200059732, 0.0, 512.0], [0.0, 1493.3363200059732, 512.0], [0.0, 0.0, 1.0]], "cam_R": [[-0.4999999999999998, 0.0, 0.8660254037844387], [0.0, 1.0, 0.0], [-0.8660254037844387, 0.0, -0.4999999999999998]]}