{"cam_T": [13.49461812973027, 286.6755431831154, -413.8241165787178], "cam_K": [[1493.3363200059732, 0.0, 512.0], [0.0, 1493.3363200059732, 512.0], [0.0, 0.0, 1.0]], "cam_R": [[-1.0, -6.123233995736765e-17, 1.0605752387249069e-16], [0.0, 0.8660254037844387, 0.49999999999999994], [-1.2246467991473532e-16, 0.49999999999999994, -0.8660254037844387]]}