{"cam_T": [-290.5217517491619, 63.86669070018097, -203.43179668978763], "cam_K": [[1493.3363200059732, 0.0, 512.0], [0.0, 1493.3363200059732, 512.0], [0.0, 0.0, 1.0]], "cam_R": [[-0.5000000000000004, 0.0, -0.8660254037844385], [0.0, 1.0, 0.0], [0.8660254037844385, 0.0, -0.5000000000000004]]}