{"cam_T": [-187.61088148472703, 296.08331937602287, 320.41707931160647], "cam_K": [[1493.3363200059732, 0.0, 512.0], [0.0, 1493.3363200059732, 512.0], [0.0, 0.0, 1.0]], "cam_R": [[0.8660254037844384, 0.25000000000000017, -0.43301270189221974], [0.0, 0.8660254037844387, 0.49999999999999994], [0.5000000000000004, -0.43301270189221913, 0.7499999999999998]]}