{"cam_T": [-280.691442807414, 63.86669070018097, -27.907863702156213], "cam_K": [[1493.3363200059732, 0.0, 512.0], [0.0, 1493.3363200059732, 512.0], [0.0, 0.0, 1.0]], "cam_R": [[6.123233995736766e-17, 0.0, -1.0], [0.0, 1.0, 0.0], [1.0, 0.0, 6.123233995736766e-17]]}