{"cam_T": [13.494618129730265, 63.86669070018097, -351.81325090670146], "cam_K": [[1493.3363200059732, 0.0, 512.0], [0.0, 1493.3363200059732, 512.0], [0.0, 0.0, 1.0]], "cam_R": [[-1.0, 0.0, 1.2246467991473532e-16], [0.0, 1.0, 0.0], [-1.2246467991473532e-16, 0.0, -1.0]]}