{"cam_T": [317.51098800862235, 63.86669070018097, -203.43179668978732], "cam_K": [[1493.3363200059732, 0.0, 512.0], [0.0, 1493.3363200059732, 512.0], [0.0, 0.0, 1.0]], "cam_R": [[-0.4999999999999998, 0.0, 0.8660254037844387], [0.0, 1.0, 0.0], [-0.8660254037844387, 0.0, -0.4999999999999998]]}