{"cam_T": [333.46407972941114, 277.1796650999683, -212.64231848919158], "cam_K": [[1493.3363200059732, 0.0, 512.0], [0.0, 1493.3363200059732, 512.0], [0.0, 0.0, 1.0]], "cam_R": [[-0.4999999999999998, -0.4330127018922193, 0.7500000000000001], [0.0, 0.8660254037844387, 0.49999999999999994], [-0.8660254037844387, 0.24999999999999986, -0.4330127018922192]]}