{"shape": [0.0, 0.0, 0.0, 0.0, 0.0, 0.0, 0.0, 0.0, 0.0, 0.0], "trans": [-47.4377304315567, 83.3274245262146, -17.944195866584778], "pose": [[0.7670571208000183, 1.6634997129440308, 1.8473671674728396], [-0.1396554410457611, -0.08009316772222519, -0.04988057166337967], [0.2597768306732178, 0.03148104250431061, -0.07836339622735977], [-0.19558824598789215, 0.07703159749507904, 0.08279401063919067], [0.0, 0.0, 0.0], [0.006023166235536337, 0.02500765770673752, -0.1407303661108017], [0.9892023205757141, -0.10086213797330856, -0.06216767057776451], [0.21144933998584747, -0.15072259306907654, 0.16301363706588745], [0.0, 0.0, 0.0], [0.09141604602336885, 0.07704409211874008, -0.09555406123399734], [0.1197325214743614, -0.01931607723236084, 0.030812818557024], [-0.03203873336315155, 0.049410779029130936, 0.004027052782475948], [-0.10786904394626617, 0.05210842192173004, 0.10010237991809845], [0.02678382396697998, -0.05839427188038826, -0.044542282819747925], [0.05099276080727577, -0.06246081367135047, -0.34794655442237854], [0.15228387713432312, -0.16913849115371704, -1.1280345916748047], [0.26461681723594666, -0.4481174647808075, 0.2705475091934204], [-0.3259221315383911, -0.26719871163368225, -0.1798492819070816], [-0.0707291290163994, 0.29909589886665344, 0.3963658809661865], [-0.2057860940694809, 0.6498624086380005, 0.8563275933265686], [-0.662977933883667, 0.27196910977363586, -0.3948800265789032], [-0.5485380291938782, 0.14015574753284454, -0.08892171084880829], [0.11167871206998825, 0.042892176657915115, -0.41644182801246643], [0.10881132632493973, -0.06598567962646484, -0.7562199831008911], [-0.09639296680688858, -0.09091565757989883, -0.18845929205417633], [-0.1180950403213501, 0.050943851470947266, -0.529584527015686], [-0.14369840919971466, 0.055241700261831284, -0.7048571109771729], [-0.01918291673064232, -0.09233684837818146, -0.33791351318359375], [-0.4570329785346985, -0.1962839514017105, -0.625457525253296], [-0.21465237438678741, -0.06599828600883484, -0.5068942308425904], [-0.3697243630886078, -0.060344625264406204, -0.07949022948741913], [-0.1418696939945221, -0.08585263043642044, -0.6355282664299012], [-0.30334159731864935, -0.057880975306034095, -0.6313892006874084], [-0.17612089216709137, -0.13209307193756104, -0.37335458397865295], [0.8509643077850342, 0.27692273259162903, -0.09154807031154633], [-0.4998394250869751, 0.02655647136271, 0.05288087576627731], [0.5355591773986816, 0.04596104100346565, -0.2773580253124237], [0.11167871206998825, -0.042892176657915115, 0.41644182801246643], [0.10881132632493973, 0.06598567962646484, 0.7562199831008911], [-0.09639296680688858, 0.09091565757989883, 0.18845929205417633], [-0.1180950403213501, -0.050943851470947266, 0.529584527015686], [-0.14369840919971466, -0.055241700261831284, 0.7048571109771729], [-0.01918291673064232, 0.09233684837818146, 0.33791351318359375], [-0.4570329785346985, 0.1962839514017105, 0.625457525253296], [-0.21465237438678741, 0.06599828600883484, 0.5068942308425904], [-0.3697243630886078, 0.060344625264406204, 0.07949022948741913], [-0.1418696939945221, 0.08585263043642044, 0.6355282664299012], [-0.30334159731864935, 0.057880975306034095, 0.6313892006874084], [-0.17612089216709137, 0.13209307193756104, 0.37335458397865295], [0.8509643077850342, -0.27692273259162903, 0.09154807031154633], [-0.4998394250869751, -0.02655647136271, -0.05288087576627731], [0.0, -0.0, 0.0]]}