{"shape": [-1.47697913646698, 0.5184874534606934, -0.187367781996727, -1.202513337135315, 1.2545320987701416, -1.2758485078811646, -0.8961039781570435, 0.26440852880477905, 0.6257888674736023, -1.230064034461975], "trans": [44.65825732192047, 88.3728265910541, -18.000704852436833], "pose": [[-44.936751930801954, 87.82183074951172, -47.935657969227535], [-2.2627905042609484, 2.116287968045858, 2.288917809805217], [-4.098977366586161, -0.958884645391393, -1.8756407278555411], [-0.6877257638565897, 0.42039831479390455, 0.12911656388530027], [-3.3444213867187496, -1.1179167586329641, 2.179754398487232], [1.3796041629932545, 0.318460480266849, -1.0346266958448622], [2.826829663029424, -2.882428699069553, 1.5803300477664846], [-2.207221837496389, 5.051457463803173, -0.6850936385326184], [-2.2259565600876368, -1.854221076394578, 4.304977905408172], [-4.9535890569399195, 1.7610133088977125, 0.17693694912103683], [0.0, 0.0, 0.0], [0.0, 0.0, 0.0], [9.481247089527239, 4.653463838496336, -4.604074519318578], [-0.19669172940430815, -4.502199192622552, -10.530057116001588], [1.3848810088321628, 3.744350458612504, 9.311226233565874], [-0.06363412848225346, 10.662018731729868, -3.23568238152399], [19.02872721354166, -13.238686455620657, -47.025112575954864], [12.285438820167823, 15.729202343489515, 37.41375110767505], [0.029109829001956487, -47.93597751193617, 24.050586841724535], [-0.7882354152474531, 58.097856609090925, -12.949082788837469], [-4.932257376496101, -1.6819986444435373, 11.46955917242376], [-3.428257483023183, 6.52084192458923, -18.515061599997182], [4.235540319372105, 2.7374518359148934, -17.558513217502167], [5.200717007672346, -0.8718210679513436, -32.190611097547745], [-3.716000804194698, -4.215261318065502, -7.825357649061411], [-5.341095394558376, 0.7620738170765062, -22.55488360369647], [-6.3985393665455, 0.08861873988752009, -29.97952213993779], [-0.1428171771543997, -3.9809873369004993, -14.3453711050528], [-16.092659279152194, -13.445568791142215, -24.49389704951533], [-8.060806415699144, -4.92116574887876, -21.133692706072765], [-15.60036129421658, -3.1178453233506933, -2.833860362017596], [-4.523669348822699, -5.2461638274016185, -26.75318400065104], [-11.349463286223234, -6.180775253861038, -26.174853289568865], [-6.317445966932508, -6.835497396963612, -15.398747479474098], [36.555003413447636, 11.932007118507666, 1.343177071324101], [-21.183915314850985, 1.6296628669456201, 1.8769728695904764], [22.2539958247432, 4.9019622802734375, -10.745315551757809], [4.235540319372105, -2.7374518359148934, 17.558513217502167], [5.200717007672346, 0.8718210679513436, 32.190611097547745], [-3.716000804194698, 4.215261318065502, 7.825357649061411], [-5.341095394558376, -0.7620738170765062, 22.55488360369647], [-6.3985393665455, -0.08861873988752009, 29.97952213993779], [-0.1428171771543997, 3.9809873369004993, 14.3453711050528], [-16.092659279152194, 13.445568791142215, 24.49389704951533], [-8.060806415699144, 4.92116574887876, 21.133692706072765], [-15.60036129421658, 3.1178453233506933, 2.833860362017596], [-4.523669348822699, 5.2461638274016185, 26.75318400065104], [-11.349463286223234, 6.180775253861038, 26.174853289568865], [-6.317445966932508, 6.835497396963612, 15.398747479474098], [36.555003413447636, -11.932007118507666, -1.343177071324101], [-21.183915314850985, -1.6296628669456201, -1.8769728695904764], [24.479395407217517, -5.392158508300782, 11.819847106933596]]}