{"shape": [-1.47697913646698, 0.5184874534606934, -0.187367781996727, -1.202513337135315, 1.2545320987701416, -1.2758485078811646, -0.8961039781570435, 0.26440852880477905, 0.6257888674736023, -1.230064034461975], "trans": [44.67431640625, 88.26692962646484, -17.846677780151367], "pose": [[-72.03219604492188, 87.82183074951172, -76.83934783935547], [-3.8544661998748784, 3.6411440372467037, 3.879556894302368], [-6.938530921936035, -1.319095492362976, -2.5321149826049805], [-1.1793752908706665, 0.5675377249717712, 0.17430736124515533], [-4.5149688720703125, -1.9577705860137942, 2.9426684379577637], [1.8624656200408938, 0.5746586322784424, -1.396746039390564], [3.816220045089722, -3.8912787437438965, 2.693063974380493], [-3.741631507873535, 8.539261817932129, -1.254159927368164], [-3.762625217437744, -3.154177188873291, 7.293156623840332], [-8.358541488647461, 2.9688048362731934, 0.32516324520111084], [0.0, 0.0, 0.0], [0.0, 0.0, 0.0], [13.048850059509277, 7.8670501708984375, -7.807525157928467], [-0.26553383469581604, -7.645055294036865, -17.798690795898438], [2.508446455001831, 6.358803749084473, 15.796600341796875], [-0.08590607345104218, 17.987754821777344, -5.255317211151123], [25.68878173828125, -17.87222671508789, -63.48390197753907], [16.585342407226562, 26.681825637817383, 50.50856399536133], [0.09824567288160324, -76.77518463134766, 32.468292236328125], [-1.580639362335205, 98.29064178466797, -22.08326530456543], [-8.460285186767578, -2.884981870651245, 19.564960479736328], [-4.628147602081299, 11.850120544433594, -32.33798599243164], [5.717979431152344, 3.6955599784851074, -23.70399284362793], [7.020967960357666, -1.176958441734314, -43.45732498168945], [-5.016601085662842, -5.690602779388428, -10.56423282623291], [-7.2104787826538095, 1.0287996530532837, -30.449092864990234], [-8.638028144836426, 0.11963529884815215, -40.472354888916016], [-0.19280318915843964, -5.374332904815674, -19.36625099182129], [-21.72509002685547, -18.151517868041992, -33.0667610168457], [-10.882088661193848, -6.643573760986328, -28.530485153198242], [-21.060487747192383, -4.2090911865234375, -3.8257114887237553], [-6.1069536209106445, -7.0823211669921875, -36.116798400878906], [-15.321775436401367, -8.344046592712402, -35.33605194091797], [-8.528552055358887, -9.227921485900879, -20.78830909729004], [49.3492546081543, 16.10820960998535, 1.8132890462875368], [-28.598285675048828, 2.200044870376587, 2.5339133739471436], [30.04289436340332, 6.6176490783691415, -14.506175994873045], [5.717979431152344, -3.6955599784851074, 23.70399284362793], [7.020967960357666, 1.176958441734314, 43.45732498168945], [-5.016601085662842, 5.690602779388428, 10.56423282623291], [-7.2104787826538095, -1.0287996530532837, 30.449092864990234], [-8.638028144836426, -0.11963529884815215, 40.472354888916016], [-0.19280318915843964, 5.374332904815674, 19.36625099182129], [-21.72509002685547, 18.151517868041992, 33.0667610168457], [-10.882088661193848, 6.643573760986328, 28.530485153198242], [-21.060487747192383, 4.2090911865234375, 3.8257114887237553], [-6.1069536209106445, 7.0823211669921875, 36.116798400878906], [-15.321775436401367, 8.344046592712402, 35.33605194091797], [-8.528552055358887, 9.227921485900879, 20.78830909729004], [49.3492546081543, -16.10820960998535, -1.8132890462875368], [-28.598285675048828, -2.200044870376587, -2.5339133739471436], [30.04289436340332, -6.6176490783691415, 14.506175994873045]]}